# Host: localhost  (Version: 5.6.16)
# Date: 2014-10-04 16:02:39
# Generator: MySQL-Front 5.3  (Build 4.122)

/*!40101 SET NAMES utf8 */;

#
# Structure for table "f_users"
#

DROP TABLE IF EXISTS `f_users`;
CREATE TABLE `f_users` (
  `TYPE` smallint(6) NOT NULL DEFAULT '0' COMMENT '0: This site, 1: Sina, 2: Renren, 3: QQ, 4: Baidu',
  `UID` int(11) NOT NULL DEFAULT '0',
  `AccessToken` varchar(255) NOT NULL DEFAULT '',
  UNIQUE KEY `ID` (`UID`,`TYPE`)
) ENGINE=InnoDB DEFAULT CHARSET=utf8 COMMENT='Third party users (Foreign users)';

#
# Data for table "f_users"
#


#
# Structure for table "users"
#

DROP TABLE IF EXISTS `users`;
CREATE TABLE `users` (
  `ID` int(11) NOT NULL AUTO_INCREMENT,
  `NAME` varchar(32) NOT NULL DEFAULT '',
  `NICKNAME` varchar(32) DEFAULT '',
  `PASSWORD` varchar(32) NOT NULL DEFAULT '',
  `SEX` tinyint(3) NOT NULL DEFAULT '0' COMMENT '0: Male, 1: Female',
  `BIRTHDAY` date NOT NULL DEFAULT '1990-01-01',
  `ENROLLYEAR` int(4) DEFAULT NULL,
  `SCHOOL` varchar(64) DEFAULT NULL,
  `DEPARTMENT` varchar(64) DEFAULT NULL,
  `MAJOR` varchar(64) DEFAULT NULL,
  `EMAIL` varchar(64) NOT NULL DEFAULT '',
  `REGISTER_TIME` datetime NOT NULL DEFAULT '0000-00-00 00:00:00',
  `ACTIVATED` tinyint(1) NOT NULL DEFAULT '0' COMMENT '0: Not activated, 1: activated',
  `PHOTO` varchar(255) DEFAULT NULL,
  `TYPE` smallint(6) NOT NULL DEFAULT '0' COMMENT '0: This site, 1: Sina, 2: Renren, 3: QQ, 4: Baidu',
  `F_UID` varchar(32) NOT NULL DEFAULT '0' COMMENT 'Foreign Site User ID',
  PRIMARY KEY (`ID`),
  UNIQUE KEY `EMAIL` (`EMAIL`)
) ENGINE=InnoDB AUTO_INCREMENT=69 DEFAULT CHARSET=utf8;

#
# Data for table "users"
#

INSERT INTO `users` VALUES (1,'admin',NULL,'admin',0,'1987-11-21',NULL,'自学','计算机','计算机','admin@admin.com','2014-05-31 23:37:23',1,NULL,0,'0'),(11,'hi@163.com',NULL,'hello',0,'1990-01-01',NULL,'复旦大学','hi','hi','hi@163.com','2014-05-31 23:37:23',1,NULL,0,'0'),(14,'test',NULL,'test',0,'1990-01-01',NULL,'上海交大','test','test','test@test.cn','2014-05-31 23:37:23',1,NULL,0,'0'),(15,'panpan','盼盼','1234',1,'1991-11-03',2009,'复旦大学','信息学院','微电子与固体电子学','pp@fudan.edu.cn','2014-05-31 23:37:23',1,'1410657124791.jpg',0,'0'),(16,'我是老大2014',NULL,'2014',0,'1990-01-01',NULL,'上海交大','电院','计算机','da@sjtu.edu.cn','2014-05-31 23:37:23',1,NULL,0,'0'),(17,'老王',NULL,'zhang123__',0,'1990-01-01',NULL,'浙江大学','信息学院','计算机','wang@zju.edu.cn','2014-05-31 23:37:23',1,NULL,0,'0'),(18,'宋美龄',NULL,'meiling',1,'1990-01-01',NULL,'台湾大学','艺术','艺术','meiling@taiwan.com','2014-05-31 23:37:23',1,NULL,0,'0'),(19,'hihi',NULL,'jojo',1,'1990-01-01',NULL,'同济大学',NULL,NULL,'hihi@hi.com','2014-05-31 23:37:23',1,NULL,0,'0'),(21,'test2',NULL,'test2',1,'1990-01-01',NULL,'school',NULL,'major','test2@126.com','2014-05-31 23:37:23',1,NULL,0,'0'),(22,'test3',NULL,'test3',1,'1990-01-01',NULL,'',NULL,'','test3@tsinghua.edu.cn','2014-05-31 23:37:23',1,NULL,0,'0'),(23,'丹丹',NULL,'1234',1,'1990-01-01',NULL,'',NULL,'','dd@163.com','2014-05-31 23:37:23',1,NULL,0,'0'),(24,'双双',NULL,'1234',1,'1990-01-01',NULL,'邵阳大学',NULL,'','ss@126.com','2014-05-31 23:37:23',1,NULL,0,'0'),(25,'test5','binbin','test5',0,'1990-01-01',NULL,'fudan',NULL,NULL,'test5@hi.com','2014-05-31 23:37:23',1,NULL,0,'0'),(26,'binbin','binbin','bin',0,'1990-01-01',2011,'fudan','信息学院','电子工程','jianbin@fudan.edu.cn','2014-05-31 23:13:52',1,'1402921221618.jpg',0,'0'),(27,'Catalina',NULL,'cat',0,'1990-01-01',NULL,'',NULL,'','dcat@cat.com','2014-05-31 23:37:23',1,NULL,0,'0'),(28,'teset',NULL,'test',1,'1990-01-01',NULL,'',NULL,'','test@test.com','2014-05-31 23:37:23',1,NULL,0,'0'),(29,'4235234@4353345',NULL,'astrqwet',1,'1990-01-01',NULL,'',NULL,'','asdf@agasd','2014-05-31 23:37:23',1,NULL,0,'0'),(30,'dddd',NULL,'dddd',1,'1990-01-01',NULL,'华师大','教育系','幼教','dddd@dddd.com','2014-05-31 23:37:23',1,NULL,0,'0'),(31,'小红',NULL,'hong',1,'1990-01-01',NULL,'上海外国语大学','外国语学院','英文','hong@shangwai.edu.cn','2014-05-31 23:37:23',1,NULL,0,'0'),(32,'小强',NULL,'qiang',0,'1989-07-23',NULL,'复旦大学','数学科学学院','应用数学','qiang@fudan.edu.cn','2014-05-31 23:37:23',1,NULL,0,'0'),(33,'小芳',NULL,'fang',1,'1990-01-01',NULL,'华东师范大学','教育系','幼教','fang@shida.edu.cn','2014-05-31 23:37:23',1,NULL,0,'0'),(34,'小明',NULL,'ming',0,'1990-07-20',NULL,'上海交大','计算机','计算机','ming@sjtu.edu.cn','2014-05-31 23:37:23',1,NULL,0,'0'),(35,'happy','快乐','happy',1,'1990-08-16',2010,'复旦','新闻','新闻学','happy@fudan.edu.cn','2014-05-31 23:37:23',1,NULL,0,'0'),(36,'test10','','test',0,'1990-02-01',0,'','','','test1@test.com','2014-05-31 23:37:23',1,NULL,0,'0'),(38,'小方','','11',1,'1990-01-01',0,'','','','ff@fudan.edu.cn','2014-05-31 23:37:23',1,NULL,0,'0'),(40,'光光','','gg',0,'1990-01-01',0,'','','','gg@gg.com','2014-05-31 17:06:10',0,NULL,0,'0'),(41,'hihihihi','','hi',0,'1990-01-01',0,'','','','hihi@hihih.com','2014-05-31 23:13:52',0,NULL,0,'0'),(42,'hihihihihihihi','','hi',1,'1990-01-01',0,'','','','test11111@126.com','2014-05-31 23:17:04',0,NULL,0,'0'),(43,'1234','','1234',1,'1990-01-01',0,'','','','1234@123.com','2014-05-31 23:37:23',0,NULL,0,'0'),(46,'patrickzzy','patrickzzy','zzy',0,'1990-01-01',2008,'复旦大学','信息学院','微电子','0518121@fudan.edu.cn','2014-06-01 21:58:49',1,'1403013834979.jpg',0,'0'),(48,'',NULL,'',0,'1990-01-01',NULL,NULL,NULL,NULL,'22@22','2014-05-31 23:37:23',0,NULL,0,'0'),(50,'patrickzzy1',NULL,'zzy',0,'1990-01-01',NULL,'fudan',NULL,NULL,'xx@xx.com','2014-06-28 20:56:43',0,NULL,0,'0'),(56,'Carrie_张_','Carrie_张_','',1,'1990-01-01',0,'','','','penny_joey@163.com','2014-07-09 07:42:57',1,'1404862977196.jpg',1,'3272482714'),(57,'soc','soc','1234',1,'1990-01-01',0,'','','','test@test.cc','2014-09-06 21:26:28',1,NULL,0,'0'),(63,'testtest','testtest','testtest',1,'1990-01-01',0,'','','','hihi@hihi.com','2014-09-08 23:08:03',0,NULL,0,'0'),(64,'test456','patrick','123',0,'1990-01-01',0,'fudan','','','dddd@dddddd.com','2014-09-08 23:10:29',0,NULL,0,'0'),(65,'test2353453','','1234',1,'1990-01-01',0,'','','','test@test124235.com','2014-09-08 23:15:10',0,NULL,0,'0'),(68,'芷言片语','芷言片语','',0,'1990-01-01',0,'','','','09210720079@fudan.edu.cn','2014-09-14 23:29:21',1,'1410708562835.jpg',1,'1572507847');

#
# Structure for table "messages"
#

DROP TABLE IF EXISTS `messages`;
CREATE TABLE `messages` (
  `ID` bigint(20) NOT NULL AUTO_INCREMENT,
  `senderID` int(11) NOT NULL DEFAULT '0',
  `receiverID` int(11) NOT NULL DEFAULT '0',
  `sendTime` datetime NOT NULL DEFAULT '0000-00-00 00:00:00',
  `readFlag` tinyint(3) NOT NULL DEFAULT '0' COMMENT 'A flag indicating whether this message has been read',
  `content` text NOT NULL,
  PRIMARY KEY (`ID`),
  KEY `senderID` (`senderID`),
  KEY `receiverID` (`receiverID`),
  CONSTRAINT `receiverID` FOREIGN KEY (`receiverID`) REFERENCES `users` (`ID`),
  CONSTRAINT `senderID` FOREIGN KEY (`senderID`) REFERENCES `users` (`ID`)
) ENGINE=InnoDB AUTO_INCREMENT=218 DEFAULT CHARSET=utf8;

#
# Data for table "messages"
#

INSERT INTO `messages` VALUES (13,27,15,'2014-05-31 23:37:20',1,'這兒有沒有台妹呢，我愛台妹'),(14,16,15,'2014-05-31 21:37:32',1,'还不快来拜老大！'),(15,17,15,'2014-05-31 23:27:20',1,'我是老王，加我！'),(16,27,15,'2014-05-31 23:38:23',1,'私は日本の女の子が好きです'),(17,34,15,'2014-05-31 23:54:23',1,'hi！我是交大的小明！'),(18,26,15,'2014-05-31 20:17:23',1,'要不要跟我来一发！'),(19,19,26,'2014-05-31 23:37:23',1,'想你的夜...'),(20,15,26,'2014-05-31 18:37:23',1,'再发一个'),(21,15,26,'2014-05-31 23:32:23',1,'我要发一条很长很长很长很长很长很长很长很长很长很长很长很长很长很长很长很长很长很长很长很长很长很长很长很长很长很长很长很长很长很长很长很长很长很长很长很长很长很长很长很长很长很长很长很长很长很长很长很长很长很长很长很长很长很长很长很长很长很长很长很长很长很长很长很长很长很长很长很长很长很长很长很长很长很长很长很长很长很长很长很长很长很长很长很长很长很长很长很长很长很长很长很长很长很长很长很长很长很长很长很长很长很长很长很长很长很长很长很长很长很长很长很长很长很长很长很长很长很长很长很长的消息\r\n\r\n\r\n看看行不行'),(22,26,15,'2014-05-31 23:37:23',1,'大家好，我是建斌！：）'),(23,35,26,'2014-05-31 23:37:23',1,'happyhappy'),(24,33,26,'2014-05-31 23:37:23',1,'村里有个姑娘叫小芳：）'),(25,15,46,'2014-05-31 23:37:23',1,'发送'),(33,15,26,'2014-06-17 23:33:48',1,'hihihi'),(34,15,26,'2014-06-17 23:33:57',1,'盼盼，你好吗'),(35,26,15,'2014-06-17 23:40:28',1,'盼盼，你咋了啊'),(36,15,26,'2014-06-17 23:41:50',1,'建斌'),(37,15,26,'2014-06-17 23:45:34',1,'你好吗，建斌'),(38,15,26,'2014-06-17 23:45:53',1,'你回不回啊'),(39,15,26,'2014-06-17 23:46:32',1,'试一下'),(40,26,15,'2014-06-17 23:47:27',1,'回的呀，你别着急吗'),(41,15,26,'2014-06-17 23:49:15',1,'哦，好的啊'),(42,15,26,'2014-06-17 23:51:09',1,'再试一发'),(43,15,26,'2014-06-17 23:53:48',1,'哈哈哈'),(44,15,26,'2014-06-17 23:55:16',1,'好不好呀'),(45,26,15,'2014-06-17 23:55:54',1,'好的'),(46,15,26,'2014-06-17 23:57:53',1,'是吧'),(47,26,15,'2014-06-18 22:11:03',1,'今天在忙啥？'),(48,15,26,'2014-06-18 22:22:25',1,'复习呗'),(49,26,15,'2014-06-18 22:22:34',1,'复习得咋样了？'),(50,15,26,'2014-06-18 22:22:54',1,'一般般啦'),(51,26,15,'2014-06-18 22:23:04',1,'继续努力哦'),(52,15,26,'2014-06-18 22:23:36',1,'好的啦'),(53,26,15,'2014-06-18 22:23:54',1,'有几门考试啊'),(54,15,26,'2014-06-18 22:26:02',1,'四五门吧'),(55,26,15,'2014-06-18 22:27:14',1,'哦，那还好啊'),(56,15,26,'2014-06-18 22:31:26',1,'都很难的好吧'),(57,26,15,'2014-06-18 22:31:44',1,'都有些什么课程'),(58,26,15,'2014-06-18 22:32:02',1,'说说看'),(59,15,26,'2014-06-18 22:33:16',1,'什么半导体之类的'),(60,26,15,'2014-06-18 22:33:30',1,'哦，再具体点'),(61,15,26,'2014-06-18 22:33:40',1,'哎呀，懒得跟你说了'),(62,26,15,'2014-06-18 22:33:43',1,'好吧'),(63,26,15,'2014-06-18 22:33:57',1,'暑假什么时候放'),(64,15,26,'2014-06-18 22:34:01',1,'我不知道哎'),(65,26,15,'2014-06-18 22:34:23',1,'7月份'),(66,15,26,'2014-06-18 22:34:30',1,'好像是吧'),(67,26,15,'2014-06-18 22:34:37',1,'哦，什么时候回家'),(68,26,15,'2014-06-18 22:38:45',1,'又不在线了？'),(69,15,26,'2014-06-18 22:38:57',1,'你真烦'),(70,26,15,'2014-06-18 22:39:05',1,'额……'),(71,46,15,'2014-06-18 22:39:28',1,'盼盼'),(72,46,15,'2014-06-18 22:39:45',1,'今天有没有好好学习啊'),(73,15,46,'2014-06-18 22:39:51',1,'有的'),(74,46,15,'2014-06-18 22:39:57',1,'那就好'),(75,15,26,'2014-06-19 20:39:10',1,'西班牙被淘汰了……'),(76,46,15,'2014-06-19 20:50:51',1,'在那啊'),(77,46,15,'2014-06-19 20:50:55',1,'在哪啊'),(78,15,46,'2014-06-19 20:51:04',1,'光华楼'),(79,46,15,'2014-06-19 20:53:08',1,'哦， 一会我也过来'),(80,15,46,'2014-06-19 20:53:23',1,'好的，等你'),(81,15,16,'2014-06-19 20:54:12',1,'你小子太嚣张了'),(82,15,26,'2014-06-19 21:01:08',1,'我不喜欢西班牙'),(83,26,15,'2014-06-19 21:01:19',1,'为什么呀'),(84,15,26,'2014-06-19 21:01:29',1,'西班牙的打法不好看'),(85,26,15,'2014-06-19 21:01:34',1,'哦，不懂'),(86,26,15,'2014-06-19 21:01:51',1,'你本来就不懂'),(87,15,26,'2014-06-19 21:05:44',1,'我只喜欢帅哥'),(88,15,26,'2014-06-19 21:05:48',1,'其他都无所谓'),(89,22,15,'2014-05-31 23:37:23',1,'我是test啦'),(90,16,15,'2014-05-31 23:37:23',1,'老大罩你！！！'),(91,16,15,'2014-05-31 23:37:23',1,'老大罩你！！！'),(92,22,15,'2014-05-31 23:37:23',1,'test你都不放过！'),(93,14,15,'2014-05-31 23:37:23',1,'我也来发一个'),(94,27,15,'2014-05-31 23:37:23',1,'También puedo speack Español'),(95,16,15,'2014-05-31 23:37:23',1,'我是老大！！！！'),(96,18,26,'2014-05-31 23:37:23',1,'你猜我在哪'),(97,26,18,'2014-06-19 22:01:25',0,'在台湾吧'),(98,27,15,'2014-05-31 23:37:23',1,'Filles françaises sont si beaux'),(99,15,26,'2014-06-25 21:41:38',1,'hi'),(100,26,15,'2014-06-25 21:42:00',1,'hello'),(101,32,15,'2014-05-31 23:37:23',1,'我是小强！'),(102,26,15,'2014-06-28 15:15:50',1,'最近在忙什么'),(103,15,26,'2014-06-28 15:17:41',1,'没忙什么'),(104,15,26,'2014-06-29 10:10:33',1,'hi'),(105,26,15,'2014-06-29 16:48:52',1,'what'),(106,15,26,'2014-06-29 16:49:22',1,'yes'),(107,15,26,'2014-06-29 16:49:38',1,'no'),(108,15,26,'2014-06-29 17:54:39',1,'yes or no'),(109,15,26,'2014-06-29 17:54:46',1,'yes or no'),(110,15,26,'2014-06-29 17:54:58',1,'yes or no'),(111,15,26,'2014-06-29 17:55:17',1,'yes or no'),(112,15,26,'2014-06-29 18:01:10',1,'answer?'),(113,26,15,'2014-06-29 21:21:40',1,'hello'),(114,26,15,'2014-06-29 21:37:22',1,'hello'),(115,27,15,'2014-05-31 23:37:23',1,'我是一只漂泊远方的。。。。。。。。猫'),(117,16,15,'2014-05-31 23:37:23',1,'你知道我在等你吗？如果你真的在乎我……:)'),(118,15,26,'2014-07-05 23:51:46',1,'helloworld'),(119,15,26,'2014-05-31 23:37:23',1,'hi, hello, what\'s your name?'),(120,26,15,'2014-07-05 23:59:06',1,'今晚看比赛么'),(121,15,26,'2014-07-05 23:59:18',1,'不看了，吃不消啊'),(122,26,15,'2014-07-05 23:59:25',1,'哦'),(123,15,26,'2014-07-06 10:47:57',1,'猜中了'),(124,15,26,'2014-07-06 10:48:05',1,'哈'),(125,31,26,'2014-05-31 23:37:23',1,'hi，我是小红'),(126,26,31,'2014-07-06 10:52:03',0,'hi'),(127,26,15,'2014-07-06 10:52:13',1,'哈哈哈哈哈'),(128,14,15,'2014-05-31 23:37:23',1,'再来一把'),(129,18,26,'2014-05-31 23:37:23',1,'我好孤单寂寞冷啊'),(130,15,26,'2014-05-31 23:37:23',1,'哈哈'),(131,15,26,'2014-05-31 23:37:23',1,'hihi'),(132,15,26,'2014-05-31 23:37:23',1,'我发了好多信息了'),(133,28,26,'2014-05-31 23:37:23',1,'I\'m new here :)'),(134,24,26,'2014-05-31 23:37:23',1,'谁在上海？'),(135,15,26,'2014-05-31 23:37:23',1,'hi, hello whats your name?'),(136,15,26,'2014-06-28 12:54:10',1,'我是盼盼'),(137,15,26,'2014-05-31 23:37:23',1,'你好啊'),(138,15,26,'2014-05-31 23:37:23',1,'testtest\r\n'),(139,15,26,'2014-05-31 23:37:23',1,'测试一下'),(140,15,26,'2014-05-31 23:37:23',1,'发送'),(141,19,26,'2014-05-31 23:37:23',1,'你觉得我能找到真爱吗？'),(142,18,26,'2014-05-31 23:37:23',1,'跟我聊会天嘛'),(143,28,26,'2014-05-31 23:37:23',1,'hi, I\'m teset'),(144,15,26,'2014-06-15 15:18:56',1,'加入时间戳'),(145,19,26,'2014-05-31 23:37:23',1,'好想好想，好想好想，好想好想和你在一起，哦哦\r\n\r\n\r\n\r\n好听吧，别瞎想\\(^o^)/~'),(146,15,26,'2014-06-25 21:44:06',1,'好久没有抛瓶子了'),(147,15,26,'2014-07-05 23:58:44',1,'今晚有阿根廷还有荷兰的比赛'),(148,28,26,'2014-05-31 23:37:23',1,'I\'d like to talk with some cute guys :-P'),(149,15,26,'2014-06-30 23:08:28',1,'whatsup'),(150,15,26,'2014-05-31 23:37:23',1,'test'),(151,26,15,'2014-08-06 07:38:36',1,'好久不见'),(152,26,15,'2014-08-13 21:45:44',1,'最近还好吧'),(153,26,15,'2014-08-13 21:45:50',1,'在线不'),(154,46,15,'2014-08-13 21:47:29',1,'盼盼啊'),(155,46,15,'2014-08-13 21:47:35',1,'等你回来哦'),(156,46,15,'2014-08-13 21:47:37',1,'好想你的'),(157,46,15,'2014-08-13 21:47:41',1,'哈哈'),(158,46,15,'2014-08-13 21:47:53',1,'你快回来'),(159,46,15,'2014-08-13 21:47:59',1,'我一个人承受不来'),(160,26,15,'2014-08-24 15:21:21',1,'好久没联系了'),(161,26,15,'2014-08-24 15:21:23',1,'最近怎么样啊'),(162,26,15,'2014-08-24 15:21:37',1,'今天又开始热了哦'),(163,26,15,'2014-08-24 15:21:44',1,'你不觉的吗'),(164,26,15,'2014-08-24 15:21:45',1,'1'),(165,26,15,'2014-08-24 15:21:45',1,'2'),(166,26,15,'2014-08-24 15:21:46',1,'3'),(167,26,15,'2014-08-24 15:21:47',1,'4'),(168,26,15,'2014-08-24 15:21:47',1,'5'),(169,26,15,'2014-08-24 15:21:48',1,'6'),(170,26,15,'2014-08-24 15:21:48',1,'7'),(171,26,15,'2014-08-24 15:21:49',1,'8'),(172,15,26,'2014-08-24 15:24:27',1,'嗯'),(173,26,15,'2014-08-24 15:24:42',1,'1'),(174,26,15,'2014-08-24 15:24:42',1,'2'),(175,26,15,'2014-08-24 15:24:43',1,'3'),(176,26,15,'2014-08-24 15:24:43',1,'4'),(177,26,15,'2014-08-24 15:24:44',1,'5'),(178,26,15,'2014-08-24 15:24:44',1,'6'),(179,26,15,'2014-08-24 15:24:45',1,'7'),(180,26,15,'2014-08-24 15:24:45',1,'8'),(181,26,15,'2014-08-24 15:30:46',1,'1'),(182,26,15,'2014-08-24 15:30:47',1,'2'),(183,26,15,'2014-08-24 15:30:47',1,'3'),(184,26,15,'2014-08-24 15:30:47',1,'4'),(185,15,26,'2014-09-08 22:51:41',1,'你好啊'),(186,46,15,'2014-07-05 22:02:09',1,'helloworld'),(187,26,15,'2014-09-14 11:39:15',1,'搞完了吗？'),(188,26,15,'2014-09-14 17:42:14',1,'hoho，没瓶子了吧'),(189,26,15,'2014-09-14 17:43:13',1,'加油啊加油，时间不多了'),(190,15,26,'2014-09-14 21:22:15',1,'嗯，得努力起来了'),(191,26,15,'2014-09-14 21:26:24',1,'加油哦'),(192,15,26,'2014-09-14 21:28:31',1,'知道了啦'),(193,15,26,'2014-09-14 21:29:57',1,'为什么我自己发出去的看不到哦'),(194,15,26,'2014-09-14 22:51:20',1,'还是看不到呢'),(195,15,26,'2014-09-14 22:57:16',1,'现在应该能看到了吧'),(196,15,26,'2014-09-14 22:58:11',1,'哈哈，我终于能看到了'),(197,26,15,'2014-09-14 22:58:19',1,'可是我还没看懂'),(198,15,26,'2014-09-14 23:05:01',1,'现在能看到不'),(199,26,15,'2014-09-14 23:05:09',1,'好像还是没有'),(200,15,26,'2014-09-14 23:22:03',1,'现在有了吗'),(201,26,15,'2014-09-14 23:22:09',1,'哈哈，终于有了'),(202,26,15,'2014-09-14 23:22:23',1,'汗，还有问题哎'),(203,15,26,'2014-09-14 23:22:30',1,'什么问题'),(204,26,15,'2014-09-14 23:22:42',1,'有时候，我自己发了，你能看到，但我自己却看不到'),(205,15,26,'2014-09-14 23:22:45',1,'真是奇怪'),(206,26,15,'2014-09-14 23:22:55',1,'好像又不可重现了'),(207,15,26,'2014-09-14 23:23:04',1,'真是莫名奇妙'),(208,26,15,'2014-09-14 23:23:10',1,'好吧，先这样吧'),(209,15,26,'2014-09-14 23:23:14',1,'嗯'),(210,15,26,'2014-09-14 23:23:20',1,'那先不说了哦'),(211,26,15,'2014-09-14 23:23:24',1,'嗯，晚安啦'),(212,15,26,'2014-09-14 23:23:29',1,'晚安：）'),(213,26,15,'2014-09-15 07:35:50',1,'hello'),(214,26,15,'2014-09-15 07:36:32',1,'hello2'),(215,26,15,'2014-09-15 21:23:22',1,'hello3'),(216,26,15,'2014-09-15 21:23:32',1,'hello4'),(217,46,15,'2014-09-15 21:23:53',1,'hello');

#
# Structure for table "bottles"
#

DROP TABLE IF EXISTS `bottles`;
CREATE TABLE `bottles` (
  `ID` bigint(20) NOT NULL AUTO_INCREMENT,
  `SENDER` int(11) NOT NULL DEFAULT '0',
  `RECEIVER` int(11) NOT NULL DEFAULT '0',
  `SENDTIME` datetime NOT NULL DEFAULT '0000-00-00 00:00:00',
  `CONTENT` text,
  PRIMARY KEY (`ID`),
  KEY `SENDER` (`SENDER`),
  CONSTRAINT `SENDER` FOREIGN KEY (`SENDER`) REFERENCES `users` (`ID`)
) ENGINE=InnoDB AUTO_INCREMENT=71 DEFAULT CHARSET=utf8;

#
# Data for table "bottles"
#

INSERT INTO `bottles` VALUES (1,15,26,'2014-05-31 23:37:23','你好啊'),(3,15,26,'2014-05-31 23:37:23','hi, hello whats your name?'),(4,15,26,'2014-05-31 23:37:23','hi, hello, what\'s your name?'),(5,15,26,'2014-05-31 23:37:23','我发了好多信息了'),(6,15,26,'2014-05-31 23:37:23','我要发一条很长很长很长很长很长很长很长很长很长很长很长很长很长很长很长很长很长很长很长很长很长很长很长很长很长很长很长很长很长很长很长很长很长很长很长很长很长很长很长很长很长很长很长很长很长很长很长很长很长很长很长很长很长很长很长很长很长很长很长很长很长很长很长很长很长很长很长很长很长很长很长很长很长很长很长很长很长很长很长很长很长很长很长很长很长很长很长很长很长很长很长很长很长很长很长很长很长很长很长很长很长很长很长很长很长很长很长很长很长很长很长很长很长很长很长很长很长很长很长很长的消息\r\n\r\n\r\n看看行不行'),(7,14,15,'2014-05-31 23:37:23','我也来发一个'),(8,14,15,'2014-05-31 23:37:23','再来一把'),(9,14,15,'2014-05-31 23:37:23','你收到了没有？'),(10,17,15,'2014-05-31 23:37:23','我是老王，加我！'),(11,17,15,'2014-05-31 23:37:23','I\'m Lao Wang! Follow me!'),(12,26,15,'2014-05-31 23:37:23','hi！我是建斌啊！'),(13,26,15,'2014-05-31 23:37:23','要不要跟我来一发！'),(14,18,26,'2014-05-31 23:37:23','我好孤单寂寞冷啊'),(15,18,46,'2014-05-31 23:37:23','谁来陪陪我'),(16,18,26,'2014-05-31 23:37:23','跟我聊会天嘛'),(17,18,26,'2014-05-31 23:37:23','你猜我在哪'),(18,24,26,'2014-05-31 23:37:23','谁在上海？'),(19,22,15,'2014-05-31 23:37:23','我是test啦'),(20,22,15,'2014-05-31 23:37:23','test你都不放过！'),(21,16,15,'2014-05-31 23:37:23','我是老大！！！！'),(22,16,15,'2014-05-31 23:37:23','还不快来拜老大！'),(23,16,15,'2014-05-31 23:37:23','老大罩你！！！'),(24,16,15,'2014-05-31 23:37:23','你知道我在等你吗？如果你真的在乎我……:)'),(25,19,26,'2014-05-31 23:37:23','你觉得我能找到真爱吗？'),(26,19,26,'2014-05-31 23:37:23','想你的夜...'),(27,19,26,'2014-05-31 23:37:23','好想好想，好想好想，好想好想和你在一起，哦哦\r\n\r\n\r\n\r\n好听吧，别瞎想\\(^o^)/~'),(28,27,15,'2014-05-31 23:37:23','我是一只漂泊远方的。。。。。。。。猫'),(29,27,15,'2014-05-31 23:37:23','こんにちは、私は日本人に話すことができる'),(30,27,15,'2014-05-31 23:37:23','私は日本の女の子が好きです'),(31,27,15,'2014-05-31 23:37:23','También puedo speack Español'),(33,27,15,'2014-05-31 23:37:23','這兒有沒有台妹呢，我愛台妹'),(34,27,15,'2014-05-31 23:37:23','Filles françaises sont si beaux'),(35,28,26,'2014-05-31 23:37:23','hi, I\'m teset'),(36,28,26,'2014-05-31 23:37:23','I\'m new here :)'),(37,28,26,'2014-05-31 23:37:23','I\'d like to talk with some cute guys :-P'),(38,26,15,'2014-05-31 23:37:23','再抛一个'),(39,26,15,'2014-05-31 23:37:23','大家好，我是建斌！：）'),(40,31,26,'2014-05-31 23:37:23','hi，我是小红'),(41,33,26,'2014-05-31 23:37:23','村里有个姑娘叫小芳：）'),(42,32,15,'2014-05-31 23:37:23','我是小强！'),(43,34,15,'2014-05-31 23:37:23','hi！我是交大的小明！'),(44,35,26,'2014-05-31 23:37:23','happyhappy'),(45,15,26,'2014-05-31 23:37:23','hihi'),(46,15,26,'2014-05-31 23:37:23','测试一下'),(47,15,26,'2014-05-31 23:37:23','再发一个'),(48,15,26,'2014-05-31 23:37:23','test'),(49,15,26,'2014-05-31 23:37:23','testtest\r\n'),(50,15,46,'2014-05-31 23:37:23','发送'),(51,15,26,'2014-05-31 23:37:23','哈哈'),(52,15,26,'2014-05-31 23:37:23','发送'),(55,15,26,'2014-06-15 15:18:56','加入时间戳'),(56,15,26,'2014-06-25 21:44:06','好久没有抛瓶子了'),(57,15,26,'2014-06-28 12:54:10','我是盼盼'),(59,15,26,'2014-06-30 23:08:28','whatsup'),(60,46,15,'2014-07-05 22:02:09','helloworld'),(61,15,26,'2014-07-05 23:58:44','今晚有阿根廷还有荷兰的比赛'),(62,26,15,'2014-07-06 10:52:13','哈哈哈哈哈'),(63,15,0,'2014-09-06 21:25:00','没有瓶子了吗？'),(64,57,0,'2014-09-06 21:27:09','哈哈'),(65,15,0,'2014-09-08 23:02:56','进入秋天了哦'),(66,15,0,'2014-09-08 23:03:26','要给力啊'),(67,15,26,'2014-09-14 11:05:54','重构代码啦！'),(68,26,15,'2014-09-14 11:39:15','搞完了吗？'),(69,26,15,'2014-09-14 17:42:14','hoho，没瓶子了吧'),(70,26,15,'2014-09-14 17:43:13','加油啊加油，时间不多了');
